prompt,response
What is the capital of France?,The capital of France is Paris.
How do I boil an egg?,To boil an egg you need to place it in boiling water for about 10 minutes.
What is the square root of 64?,The square root of 64 is 8.
How do I create a new folder in Windows?,To create a new folder in Windows right-click on the desired location select "New" and then "Folder."
How do I make coffee with a French press?,To make coffee with a French press add ground coffee to the press pour hot water wait for a few minutes and then press the plunger down slowly.
What are the symptoms of COVID-19?,Common symptoms of COVID-19 include fever cough and difficulty breathing.
Who wrote the novel "To Kill a Mockingbird"?,The novel "To Kill a Mockingbird" was written by Harper Lee.
How do I change my password on Facebook?,To change your password on Facebook go to Settings Security and Login then click Edit next to Change Password.
What is the formula for calculating the area of a rectangle?,The formula for calculating the area of a rectangle is length multiplied by width.
How do I tie a tie?,To tie a tie start with the wide end on your right and the small end on your left. Cross the wide end over the small end bring it up through the loop and then pull it down through the knot.
What are the main ingredients in a margarita cocktail?,The main ingredients in a margarita cocktail are tequila triple sec and lime juice.
How do I install Python on Windows?,To install Python on Windows download the installer from the official Python website and run it. Make sure to check the box that says "Add Python to PATH" during installation.
Who painted the Mona Lisa?,The Mona Lisa was painted by Leonardo da Vinci.
How do I create a new tab in Google Chrome?,To create a new tab in Google Chrome press Ctrl + T on your keyboard.
What is the boiling point of water in Celsius?,The boiling point of water in Celsius is 100 degrees.
How do I backup my iPhone to iCloud?,To backup your iPhone to iCloud go to Settings tap your name then tap iCloud and finally tap iCloud Backup and turn it on.
What are the seven continents of the world?,The seven continents of the world are Africa Antarctica Asia Europe North America South America and Australia.
How do I take a screenshot on Windows?,To take a screenshot on Windows press the PrtScn (Print Screen) key on your keyboard. The screenshot will be saved to your clipboard.
What is the capital of Japan?,The capital of Japan is Tokyo.
